{"cameraMode":{"drawMode":0,"name":"Shaded","section":"Shading Mode"},"sceneLighting":false,"audioPlay":false,"sceneViewState":{"m_AlwaysRefresh":false,"showFog":true,"showSkybox":false,"showFlares":true,"showImageEffects":true,"showParticleSystems":true,"showVisualEffectGraphs":true,"m_FxEnabled":true},"in2DMode":false,"pivot":{"x":6.166914939880371,"y":-48.691837310791019,"z":-152.53103637695313},"rotation":{"x":0.0008374664466828108,"y":0.9572253823280335,"z":-0.29044732451438906,"w":0.0022683190181851389},"size":64.14999389648438,"orthographic":false}