{"cameraMode":{"drawMode":0,"name":"Shaded","section":"Shading Mode"},"sceneLighting":false,"audioPlay":false,"sceneViewState":{"m_AlwaysRefresh":false,"showFog":true,"showSkybox":false,"showFlares":true,"showImageEffects":true,"showParticleSystems":true,"showVisualEffectGraphs":true,"m_FxEnabled":true},"in2DMode":false,"pivot":{"x":1.6702475547790528,"y":0.48074421286582949,"z":46.961124420166019},"rotation":{"x":0.04866102337837219,"y":-0.8187626600265503,"z":0.07017528265714646,"w":0.5677464604377747},"size":2.362828016281128,"orthographic":false}