{"cameraMode":{"drawMode":0,"name":"Shaded","section":"Shading Mode"},"sceneLighting":false,"audioPlay":false,"sceneViewState":{"m_AlwaysRefresh":false,"showFog":true,"showSkybox":false,"showFlares":true,"showImageEffects":true,"showParticleSystems":true,"showVisualEffectGraphs":true,"m_FxEnabled":true},"in2DMode":false,"pivot":{"x":1.1920928955078126e-7,"y":0.5500521659851074,"z":0.014608487486839295},"rotation":{"x":-0.09512439370155335,"y":0.7441467642784119,"z":-0.10851557552814484,"w":-0.652269721031189},"size":1.0274525880813599,"orthographic":false}