{"cameraMode":{"drawMode":0,"name":"Shaded","section":"Shading Mode"},"sceneLighting":false,"audioPlay":false,"sceneViewState":{"m_AlwaysRefresh":false,"showFog":true,"showSkybox":false,"showFlares":true,"showImageEffects":true,"showParticleSystems":true,"showVisualEffectGraphs":true,"m_FxEnabled":true},"in2DMode":false,"pivot":{"x":6.660297870635986,"y":0.6612399816513062,"z":2.442288875579834},"rotation":{"x":0.6996870040893555,"y":-0.02142111212015152,"z":0.020996928215026857,"w":0.713822066783905},"size":0.9457213282585144,"orthographic":true}