{"cameraMode":{"drawMode":0,"name":"Shaded","section":"Shading Mode"},"sceneLighting":false,"audioPlay":false,"sceneViewState":{"m_AlwaysRefresh":false,"showFog":true,"showSkybox":false,"showFlares":true,"showImageEffects":true,"showParticleSystems":true,"showVisualEffectGraphs":true,"m_FxEnabled":true},"in2DMode":false,"pivot":{"x":-11.506105422973633,"y":1.3700428009033204,"z":-129.48312377929688},"rotation":{"x":0.1564660221338272,"y":-0.37245017290115359,"z":0.06386274844408035,"w":0.912554919719696},"size":1.4878578186035157,"orthographic":false}