{"cameraMode":{"drawMode":0,"name":"Shaded","section":"Shading Mode"},"sceneLighting":false,"audioPlay":false,"sceneViewState":{"m_AlwaysRefresh":false,"showFog":true,"showSkybox":false,"showFlares":true,"showImageEffects":true,"showParticleSystems":true,"showVisualEffectGraphs":true,"m_FxEnabled":true},"in2DMode":false,"pivot":{"x":-0.3519165515899658,"y":0.04579716920852661,"z":-1.3175197839736939},"rotation":{"x":0.06916329264640808,"y":0.6967104077339172,"z":-0.0677938237786293,"w":0.7107865214347839},"size":1.1984388828277588,"orthographic":false}