{"cameraMode":{"drawMode":0,"name":"Shaded","section":"Shading Mode"},"sceneLighting":false,"audioPlay":false,"sceneViewState":{"m_AlwaysRefresh":false,"showFog":true,"showSkybox":false,"showFlares":true,"showImageEffects":true,"showParticleSystems":true,"showVisualEffectGraphs":true,"m_FxEnabled":true},"in2DMode":false,"pivot":{"x":-0.0483456552028656,"y":0.43160825967788699,"z":0.034376077353954318},"rotation":{"x":-0.09512439370155335,"y":0.7441467642784119,"z":-0.10851557552814484,"w":-0.652269721031189},"size":0.5586102604866028,"orthographic":false}